<?xml version="1.0" encoding="utf-8" ?>
<dwsync>
<file name="Acknowledgement-webfont.eot" server="ftp.webscreative.net" local="129500416900000000" remote="129872475000000000" />
<file name="Acknowledgement-webfont.svg" server="ftp.webscreative.net" local="129500416900000000" remote="129872475000000000" />
<file name="Acknowledgement-webfont.ttf" server="ftp.webscreative.net" local="129500416900000000" remote="129872475000000000" />
<file name="Acknowledgement-webfont.woff" server="ftp.webscreative.net" local="129500416900000000" remote="129872475000000000" />
<file name="League_Gothic-webfont.eot" server="ftp.webscreative.net" local="129500416900000000" remote="129872475000000000" />
<file name="League_Gothic-webfont.svg" server="ftp.webscreative.net" local="129500416900000000" remote="129872475000000000" />
<file name="League_Gothic-webfont.ttf" server="ftp.webscreative.net" local="129500416900000000" remote="129872475000000000" />
<file name="League_Gothic-webfont.woff" server="ftp.webscreative.net" local="129500416900000000" remote="129872475000000000" />
</dwsync>