<?xml version="1.0" encoding="utf-8" ?>
<dwsync>
<file name="JW Player Embedding and JavaScript Guide.pdf" server="ftp.webscreative.net" local="129500416900000000" remote="129872476200000000" />
<file name="jwplayer.js" server="ftp.webscreative.net" local="129500416900000000" remote="129872476200000000" />
<file name="license.txt" server="ftp.webscreative.net" local="129500416900000000" remote="129872476200000000" />
<file name="player.swf" server="ftp.webscreative.net" local="129500416900000000" remote="129872476200000000" />
<file name="preview.jpg" server="ftp.webscreative.net" local="129500416900000000" remote="129872476200000000" />
<file name="readme.html" server="ftp.webscreative.net" local="129500416900000000" remote="129872476200000000" />
<file name="swfobject.js" server="ftp.webscreative.net" local="129500416900000000" remote="129872476200000000" />
<file name="video.mp4" server="ftp.webscreative.net" local="129500416900000000" remote="129872476200000000" />
<file name="yt.swf" server="ftp.webscreative.net" local="129500416900000000" remote="129872476200000000" />
</dwsync>